IS Sharpe,OOS Sharpe,Walk-Forward Sharpe,Bootstrap 95% CI Lower,Bootstrap 95% CI Upper,p-value (vs 0),p-value (vs EW),Positive Year Ratio,Look-Ahead Bias,Data Snooping Bias
5.131861610812025,4.380995047808779,1.0319945668963397,-0.46070169466508576,0.7546770200812543,0.6795338622078031,5.10374851517118e-05,1.0,4.319410914600007,-0.9008504763669903
