{
  "gross_metrics": {
    "Annual Return (%)": 2.5767378341603497,
    "Annual Volatility (%)": 17.948735925127515,
    "Sharpe Ratio": 0.14356096412076683,
    "Max Drawdown (%)": -44.40347249543583,
    "Avg Drawdown (%)": -17.81770249085896,
    "Annual Turnover": 103.08266183793572,
    "Win Rate (%)": 50.97329108193753,
    "Profit Factor": 1.0255614248956455,
    "Skewness": -0.26727349608705203,
    "Kurtosis": 4.621661864641515,
    "Total Return (%)": 8.806590097957944,
    "N Days": 2209
  },
  "net_metrics": {
    "Annual Return (%)": -7.731528349633225,
    "Annual Volatility (%)": 17.981051714677896,
    "Sharpe Ratio": -0.429981987278419,
    "Max Drawdown (%)": -67.28610555932389,
    "Avg Drawdown (%)": -41.10614158435291,
    "Annual Turnover": 103.08266183793572,
    "Win Rate (%)": 48.98143956541421,
    "Profit Factor": 0.9272060829603481,
    "Skewness": -0.27821547079041475,
    "Kurtosis": 4.597708911216083,
    "Total Return (%)": -55.954136490927965,
    "N Days": 2209
  },
  "long_metrics": {
    "Annual Return (%)": 20.709391388355346,
    "Annual Volatility (%)": 22.252181288734704,
    "Sharpe Ratio": 0.930667925073916,
    "Max Drawdown (%)": -39.42417828742205,
    "Avg Drawdown (%)": -6.56153777082676,
    "Annual Turnover": 51.54133091896786,
    "Win Rate (%)": 54.68537799909461,
    "Profit Factor": 1.1889947958064064,
    "Skewness": -0.40940169487525013,
    "Kurtosis": 12.405830982004266,
    "Total Return (%)": 393.75828011440757,
    "N Days": 2209
  },
  "short_metrics": {
    "Annual Return (%)": -18.132653554195,
    "Annual Volatility (%)": 19.557472861469137,
    "Sharpe Ratio": -0.9271470645841352,
    "Max Drawdown (%)": -83.1575160571101,
    "Avg Drawdown (%)": -56.42015900712061,
    "Annual Turnover": 51.54133091896786,
    "Win Rate (%)": 44.680851063829785,
    "Profit Factor": 0.8288021013670955,
    "Skewness": -0.006004328923683148,
    "Kurtosis": 13.926808493799628,
    "Total Return (%)": -82.76269465274359,
    "N Days": 2209
  },
  "benchmark_metrics": {
    "Annual Return (%)": 18.75416787096602,
    "Annual Volatility (%)": 18.214482310556683,
    "Sharpe Ratio": 1.029629475667093,
    "Max Drawdown (%)": -33.41387682271969,
    "Avg Drawdown (%)": -3.2570145435593596,
    "Annual Turnover": 0.0,
    "Win Rate (%)": 55.771842462652785,
    "Profit Factor": 1.2272586688033422,
    "Skewness": -0.43579147042006505,
    "Kurtosis": 18.11285419427951,
    "Total Return (%)": 347.0662869996575,
    "N Days": 2209
  },
  "parameters": {
    "short_momentum_window": 5,
    "medium_momentum_window": 20,
    "volatility_window": 20,
    "ridge_alpha": 1.0,
    "training_window": 252,
    "long_pct": 0.2,
    "short_pct": 0.2,
    "target_volatility": 0.1,
    "transaction_cost_bps": 10,
    "trading_days_per_year": 252
  }
}