{"coef": [-0.03599969861099884, 0.031113992984411625, -0.0188613625472694, -0.07629662342741363, 0.0009206466738703829, 0.035999698610999636, 0.21137069619034055, -0.06277182836297006, -0.05304175567450885, -0.04115816772268373, 0.05571613287216175, 0.06284553715352893, -0.03720091087626174, 0.015138338425469168, -0.10122736416420974, 0.0704425923161615, -0.10240955031169309, 0.07567215941286641, 0.0257501191037309, -0.0761625046434743, -0.03508201835826736, 0.07706844935447349, 0.04912385365875423, -0.08176330776750561, -0.0069938413137037025, -0.0096751824608446, -0.025009787539471487, -0.002101419319671225, 0.003434813899107449, 0.03127845794631865, -0.016354149925125502, 0.030762057298817102, 0.06055608147210999, 0.07957433951207672, 0.04854136701476744, -0.1885453982333249, 0.038771366355183946, 0.013541120491999075, -0.05210066901547632, -0.07722944789956163, 0.003325170355407696], "intercept": 0.08068367119213246, "alpha": 1000}