{"mean": [0.0036610771857550103, 0.007323879714853447, 0.01517975629785114, 0.04415146382106659, -0.011518679112096131, -0.0036610771857550103, -0.03242916027500127, 0.525977540867093, 0.01578119904084424, 0.016485419857686645, 0.016969382617008567, 0.9344365589942366, 0.024781074231537536, 0.22425671641791045, 0.005078153319448755, 0.012717742781208668, 0.11533165408345904, 0.5389532551515539, -0.01620810356780988, 0.0362181789486574, 0.0025988268107301872, 1.7857875052984735e-05, 0.051984337903862775, 0.9503701492537313, 0.8939031450258415, 0.23657534279956133, 0.1698253841314483, 0.039334725424378374, 47.9836, 0.039793887704335465, 0.8277485975276195, 0.37168139756887913, 0.505, 0.505, 0.505, 0.505, 0.01336812033420294, -0.0005325722471492401, 0.0029785550144796427, 0.012367333199103214, 0.0037104715721068323], "scale": [0.04215468161100987, 0.05864758296116278, 0.08405358163436578, 0.13355401800886654, 0.0736539277095015, 0.04215468161100987, 1.2086735634980021, 0.10593354013362245, 0.012108247562552039, 0.010973475966609778, 0.010073090101425018, 0.37348149975617123, 1.3247989180183544, 0.4170918862305611, 0.04653549260280754, 0.0722113798779292, 0.6469133572699319, 0.13871794304391874, 0.06879842290144135, 1.2742876263431897, 0.010719537452327857, 0.00521531093838999, 0.04789106626175112, 0.8358619719330808, 0.14831254175483552, 0.27335964761675846, 0.3445067745952716, 0.14477024597517454, 61.63949286207448, 0.06269906054038028, 0.16662845387719336, 0.2898059085384144, 0.2886607004772212, 0.2886607004772212, 0.2886607004772212, 0.2886607004772212, 0.0780741586622435, 0.024370012985893665, 0.008418923452015267, 0.06893271035978553, 0.005207377697507446]}