{
  "timestamp": "2026-02-01T18:05:55.765353",
  "training": {
    "lgb_time_sec": 0.38536810874938965,
    "ridge_time_sec": 0.02669978141784668,
    "lgb_iterations": 80,
    "total_features": 31
  },
  "config": {
    "rebal_days": 42,
    "top_n": 20,
    "tc_bps": 10,
    "long_bias": 7.0,
    "vol_target": 0.2,
    "vol_lookback": 21
  },
  "results_with_hmm": {
    "is_sharpe": 1.1725508860777996,
    "oos_sharpe": 1.3741051248308966,
    "is_return": 39.91095742978749,
    "oos_return": 1.6852330971083656
  },
  "results_without_hmm": {
    "is_sharpe": 1.1543844693102903,
    "oos_sharpe": 1.6595185162429213,
    "is_return": 38.948247157660596,
    "oos_return": 2.0966948942735093
  },
  "benchmark": {
    "is_sharpe": 1.099485023686064,
    "oos_sharpe": 1.4504276942263095
  },
  "feature_importance_hmm_contribution": 41.4
}