{
  "strategy_name": "Kalman-Momentum with Stop-Loss/Take-Profit",
  "description": "Ensemble model (LightGBM + Ridge) using Kalman Filter features with 2%/8% SL/TP risk management",
  "trading_params": {
    "rebal_days": 21,
    "long_bias": 5.5,
    "max_position": 0.05,
    "position_smoothing": 0.3,
    "tc_bps": 10,
    "stop_loss": 0.02,
    "take_profit": 0.08
  },
  "is_performance": {
    "net_sharpe": 2.4941270018896007,
    "gross_sharpe": 2.748784080665122,
    "total_return": 0.5352057588249024,
    "max_drawdown": -0.018202351765933433,
    "ann_turnover": 6.422223824643689,
    "period": "2017-2024"
  },
  "oos_performance": {
    "net_sharpe": 2.8068068315390646,
    "gross_sharpe": 3.1520526054710833,
    "total_return": 0.10565387394183201,
    "max_drawdown": -0.009355742727909178,
    "ann_turnover": 6.276223770258703,
    "period": "2024-2026"
  },
  "created_at": "2026-01-31T00:05:11.641692"
}